begin;
delete from public.crowd_data;
delete from public.routes;
delete from public.stations;
insert into public.stations (name) values
  ('Churchgate'),
  ('Marine Lines'),
  ('Charni Road'),
  ('Grant Road'),
  ('Mumbai Central'),
  ('Mahalaxmi'),
  ('Lower Parel'),
  ('Prabhadevi'),
  ('Dadar'),
  ('Matunga Road'),
  ('Mahim Junction'),
  ('Bandra'),
  ('Khar Road'),
  ('Santacruz'),
  ('Vile Parle'),
  ('Andheri'),
  ('Jogeshwari'),
  ('Ram Mandir'),
  ('Goregaon'),
  ('Malad'),
  ('Kandivli'),
  ('Borivali'),
  ('Dahisar'),
  ('Mira Road'),
  ('Bhayandar'),
  ('Naigaon'),
  ('Vasai Road'),
  ('Nallasopara'),
  ('Virar'),
  ('Vaitarna'),
  ('Saphale'),
  ('Kelve Road'),
  ('Palghar'),
  ('Umroli'),
  ('Boisar'),
  ('Vangaon'),
  ('Dahanu Road'),
  ('Chhatrapati Shivaji Maharaj Terminus'),
  ('Masjid'),
  ('Sandhurst Road'),
  ('Byculla'),
  ('Chinchpokli'),
  ('Currey Road'),
  ('Parel'),
  ('Matunga'),
  ('Sion'),
  ('Kurla'),
  ('Vidyavihar'),
  ('Ghatkopar'),
  ('Vikhroli'),
  ('Kanjur Marg'),
  ('Bhandup'),
  ('Nahur'),
  ('Mulund'),
  ('Thane'),
  ('Kalwa'),
  ('Mumbra'),
  ('Diva Junction'),
  ('Kopar'),
  ('Dombivli'),
  ('Thakurli'),
  ('Kalyan Junction'),
  ('Shahad'),
  ('Ambivli'),
  ('Titwala'),
  ('Khadavli'),
  ('Vasind'),
  ('Asangaon'),
  ('Atgaon'),
  ('Thansit'),
  ('Khardi'),
  ('Umbermali'),
  ('Kasara'),
  ('Vithalwadi'),
  ('Ulhasnagar'),
  ('Ambarnath'),
  ('Badlapur'),
  ('Vangani'),
  ('Shelu'),
  ('Neral Junction'),
  ('Bhivpuri Road'),
  ('Karjat'),
  ('Palasdari'),
  ('Kelavli'),
  ('Dolavli'),
  ('Lowjee'),
  ('Khopoli'),
  ('Dockyard Road'),
  ('Reay Road'),
  ('Cotton Green'),
  ('Sewri'),
  ('Wadala Road'),
  ('Guru Tegh Bahadur Nagar'),
  ('Chunabhatti'),
  ('Tilak Nagar'),
  ('Chembur'),
  ('Govandi'),
  ('Mankhurd'),
  ('Vashi'),
  ('Sanpada'),
  ('Juinagar'),
  ('Nerul'),
  ('Seawoods-Darave-Karave'),
  ('CBD Belapur'),
  ('Kharghar'),
  ('Mansarovar'),
  ('Khandeshwar'),
  ('Panvel'),
  ('King''s Circle'),
  ('Digha Gaon'),
  ('Airoli'),
  ('Rabale'),
  ('Ghansoli'),
  ('Koparkhairane'),
  ('Turbhe'),
  ('Targhar'),
  ('Bamandongri'),
  ('Kharkopar'),
  ('Gavan'),
  ('Shematikhar'),
  ('Nhava Sheva'),
  ('Dronagiri'),
  ('Uran'),
  ('Juchandra'),
  ('Kaman Road'),
  ('Kharbao'),
  ('Bhiwandi Road'),
  ('Dativali'),
  ('Nilaje'),
  ('Taloja Panchnand'),
  ('Navade Road'),
  ('Kalamboli'),
  ('Somtane'),
  ('Rasayani'),
  ('Apta'),
  ('Jite'),
  ('Hamrapur'),
  ('Pen'),
  ('Kasu'),
  ('Nagothane'),
  ('Nidi'),
  ('Roha'),
  ('Versova'),
  ('D. N. Nagar'),
  ('Azad Nagar'),
  ('Western Express Highway'),
  ('Chakala'),
  ('Airport Road'),
  ('Marol Naka'),
  ('Sakinaka'),
  ('Asalpha Road'),
  ('Jagruti Nagar'),
  ('Dahisar (East)'),
  ('Anand Nagar'),
  ('Kandarpada'),
  ('Mandapeshwar I C Colony'),
  ('Eksar'),
  ('Borivali (West)'),
  ('Pahadi Eksar'),
  ('Kandivali (West)'),
  ('Dahanukarwadi'),
  ('Valnai'),
  ('Malad (West)'),
  ('Lower Malad'),
  ('Pahadi Goregaon'),
  ('Goregaon (West)'),
  ('Oshiwara'),
  ('Lower Oshiwara'),
  ('Andheri (West)'),
  ('ESIC Nagar'),
  ('Prem Nagar'),
  ('Indira Nagar'),
  ('Nanavati Hospital'),
  ('Khira Nagar'),
  ('Saraswat Nagar'),
  ('National College'),
  ('Bandra Metro'),
  ('Income Tax Office'),
  ('ILFS'),
  ('MTNL Metro'),
  ('SG Barve Marg'),
  ('Kurla (East)'),
  ('EEH'),
  ('Diamond Garden'),
  ('Shivaji Chowk'),
  ('BSNL Metro'),
  ('Mandale Metro'),
  ('Bhakti Park Metro'),
  ('Wadala TT'),
  ('Anik Nagar Bus Depot'),
  ('Siddharth Colony'),
  ('Garodia Nagar'),
  ('Pant Nagar'),
  ('Laxmi Nagar'),
  ('Shreyes Cinema'),
  ('Godrej Company'),
  ('Vikhroli Metro'),
  ('Surya Nagar'),
  ('Gandhi Nagar'),
  ('Naval Housing'),
  ('Bhandup Mahapalika'),
  ('Bhandup Metro'),
  ('Shangrila'),
  ('Sonapur'),
  ('Mulund Fire Station'),
  ('Mulund Naka'),
  ('Thane Teen Haath Naka'),
  ('RTO Thane'),
  ('Mahapalika Marg'),
  ('Cadbury Junction'),
  ('Majiwada'),
  ('Kapurbawdi'),
  ('Manpada'),
  ('Tikuji-Ni-Wadi'),
  ('DongariPada'),
  ('Vijay Garden'),
  ('Kasarvadavali'),
  ('Balkum Naka'),
  ('Kasheli'),
  ('Kalher'),
  ('Purna'),
  ('Anjurphata'),
  ('Dhamankar Naka'),
  ('Bhiwandi'),
  ('Gopal Nagar'),
  ('Temghar'),
  ('Rajnouli'),
  ('Gove Gaon'),
  ('Kon Gaon'),
  ('Lal Chowki'),
  ('Kalyan Station'),
  ('Kalyan APMC'),
  ('Swami Samarth Nagar'),
  ('Adarsh Nagar'),
  ('Jogeshwari (W)'),
  ('JVLR'),
  ('Shyam Nagar'),
  ('Mahakali Caves'),
  ('SEEPZ Village'),
  ('Saki Vihar Road'),
  ('Rambaug'),
  ('Powai Lake'),
  ('IIT, Powai'),
  ('Kanjur Marg (W)'),
  ('Vikhroli (EEH)'),
  ('Gundavali'),
  ('Mogra'),
  ('Jogeshwari (East)'),
  ('Goregaon (East)'),
  ('Aarey'),
  ('Dindoshi'),
  ('Kurar'),
  ('Akurli'),
  ('Poisar'),
  ('Magathane'),
  ('Devipada'),
  ('Rashtriya Udyan'),
  ('Ovaripada'),
  ('Airport Colony'),
  ('CSIA'),
  ('Pandhurang Wadi'),
  ('Miragaon'),
  ('Kashigaon'),
  ('Sai Baba Nagar'),
  ('Meditiya Nagar'),
  ('Shahid Bhagat Singh Garden'),
  ('Subhash Chandra Bose Stadium')
on conflict (name) do nothing;

insert into public.routes (from_station, to_station, line, distance_km, base_fare, duration_minutes) values
  ('Churchgate','Marine Lines','Western Line',2,5,4),
  ('Marine Lines','Churchgate','Western Line',2,5,4),
  ('Marine Lines','Charni Road','Western Line',2,5,4),
  ('Charni Road','Marine Lines','Western Line',2,5,4),
  ('Charni Road','Grant Road','Western Line',2,5,4),
  ('Grant Road','Charni Road','Western Line',2,5,4),
  ('Grant Road','Mumbai Central','Western Line',2,5,4),
  ('Mumbai Central','Grant Road','Western Line',2,5,4),
  ('Mumbai Central','Mahalaxmi','Western Line',2,5,4),
  ('Mahalaxmi','Mumbai Central','Western Line',2,5,4),
  ('Mahalaxmi','Lower Parel','Western Line',2,5,4),
  ('Lower Parel','Mahalaxmi','Western Line',2,5,4),
  ('Lower Parel','Prabhadevi','Western Line',2,5,4),
  ('Prabhadevi','Lower Parel','Western Line',2,5,4),
  ('Prabhadevi','Dadar','Western Line',2,5,4),
  ('Dadar','Prabhadevi','Western Line',2,5,4),
  ('Dadar','Matunga Road','Western Line',2,5,4),
  ('Matunga Road','Dadar','Western Line',2,5,4),
  ('Matunga Road','Mahim Junction','Western Line',2,5,4),
  ('Mahim Junction','Matunga Road','Western Line',2,5,4),
  ('Mahim Junction','Bandra','Western Line',2,5,4),
  ('Bandra','Mahim Junction','Western Line',2,5,4),
  ('Bandra','Khar Road','Western Line',2,5,4),
  ('Khar Road','Bandra','Western Line',2,5,4),
  ('Khar Road','Santacruz','Western Line',2,5,4),
  ('Santacruz','Khar Road','Western Line',2,5,4),
  ('Santacruz','Vile Parle','Western Line',2,5,4),
  ('Vile Parle','Santacruz','Western Line',2,5,4),
  ('Vile Parle','Andheri','Western Line',2,5,4),
  ('Andheri','Vile Parle','Western Line',2,5,4),
  ('Andheri','Jogeshwari','Western Line',2,5,4),
  ('Jogeshwari','Andheri','Western Line',2,5,4),
  ('Jogeshwari','Ram Mandir','Western Line',2,5,4),
  ('Ram Mandir','Jogeshwari','Western Line',2,5,4),
  ('Ram Mandir','Goregaon','Western Line',2,5,4),
  ('Goregaon','Ram Mandir','Western Line',2,5,4),
  ('Goregaon','Malad','Western Line',2,5,4),
  ('Malad','Goregaon','Western Line',2,5,4),
  ('Malad','Kandivli','Western Line',2,5,4),
  ('Kandivli','Malad','Western Line',2,5,4),
  ('Kandivli','Borivali','Western Line',2,5,4),
  ('Borivali','Kandivli','Western Line',2,5,4),
  ('Borivali','Dahisar','Western Line',2,5,4),
  ('Dahisar','Borivali','Western Line',2,5,4),
  ('Dahisar','Mira Road','Western Line',2,5,4),
  ('Mira Road','Dahisar','Western Line',2,5,4),
  ('Mira Road','Bhayandar','Western Line',2,5,4),
  ('Bhayandar','Mira Road','Western Line',2,5,4),
  ('Bhayandar','Naigaon','Western Line',2,5,4),
  ('Naigaon','Bhayandar','Western Line',2,5,4),
  ('Naigaon','Vasai Road','Western Line',2,5,4),
  ('Vasai Road','Naigaon','Western Line',2,5,4),
  ('Vasai Road','Nallasopara','Western Line',2,5,4),
  ('Nallasopara','Vasai Road','Western Line',2,5,4),
  ('Nallasopara','Virar','Western Line',2,5,4),
  ('Virar','Nallasopara','Western Line',2,5,4),
  ('Virar','Vaitarna','Western Line',2,5,4),
  ('Vaitarna','Virar','Western Line',2,5,4),
  ('Vaitarna','Saphale','Western Line',2,5,4),
  ('Saphale','Vaitarna','Western Line',2,5,4),
  ('Saphale','Kelve Road','Western Line',2,5,4),
  ('Kelve Road','Saphale','Western Line',2,5,4),
  ('Kelve Road','Palghar','Western Line',2,5,4),
  ('Palghar','Kelve Road','Western Line',2,5,4),
  ('Palghar','Umroli','Western Line',2,5,4),
  ('Umroli','Palghar','Western Line',2,5,4),
  ('Umroli','Boisar','Western Line',2,5,4),
  ('Boisar','Umroli','Western Line',2,5,4),
  ('Boisar','Vangaon','Western Line',2,5,4),
  ('Vangaon','Boisar','Western Line',2,5,4),
  ('Vangaon','Dahanu Road','Western Line',2,5,4),
  ('Dahanu Road','Vangaon','Western Line',2,5,4),
  ('Chhatrapati Shivaji Maharaj Terminus','Masjid','Central Line (Main)',2,5,4),
  ('Masjid','Chhatrapati Shivaji Maharaj Terminus','Central Line (Main)',2,5,4),
  ('Masjid','Sandhurst Road','Central Line (Main)',2,5,4),
  ('Sandhurst Road','Masjid','Central Line (Main)',2,5,4),
  ('Sandhurst Road','Byculla','Central Line (Main)',2,5,4),
  ('Byculla','Sandhurst Road','Central Line (Main)',2,5,4),
  ('Byculla','Chinchpokli','Central Line (Main)',2,5,4),
  ('Chinchpokli','Byculla','Central Line (Main)',2,5,4),
  ('Chinchpokli','Currey Road','Central Line (Main)',2,5,4),
  ('Currey Road','Chinchpokli','Central Line (Main)',2,5,4),
  ('Currey Road','Parel','Central Line (Main)',2,5,4),
  ('Parel','Currey Road','Central Line (Main)',2,5,4),
  ('Parel','Dadar','Central Line (Main)',2,5,4),
  ('Dadar','Parel','Central Line (Main)',2,5,4),
  ('Dadar','Matunga','Central Line (Main)',2,5,4),
  ('Matunga','Dadar','Central Line (Main)',2,5,4),
  ('Matunga','Sion','Central Line (Main)',2,5,4),
  ('Sion','Matunga','Central Line (Main)',2,5,4),
  ('Sion','Kurla','Central Line (Main)',2,5,4),
  ('Kurla','Sion','Central Line (Main)',2,5,4),
  ('Kurla','Vidyavihar','Central Line (Main)',2,5,4),
  ('Vidyavihar','Kurla','Central Line (Main)',2,5,4),
  ('Vidyavihar','Ghatkopar','Central Line (Main)',2,5,4),
  ('Ghatkopar','Vidyavihar','Central Line (Main)',2,5,4),
  ('Ghatkopar','Vikhroli','Central Line (Main)',2,5,4),
  ('Vikhroli','Ghatkopar','Central Line (Main)',2,5,4),
  ('Vikhroli','Kanjur Marg','Central Line (Main)',2,5,4),
  ('Kanjur Marg','Vikhroli','Central Line (Main)',2,5,4),
  ('Kanjur Marg','Bhandup','Central Line (Main)',2,5,4),
  ('Bhandup','Kanjur Marg','Central Line (Main)',2,5,4),
  ('Bhandup','Nahur','Central Line (Main)',2,5,4),
  ('Nahur','Bhandup','Central Line (Main)',2,5,4),
  ('Nahur','Mulund','Central Line (Main)',2,5,4),
  ('Mulund','Nahur','Central Line (Main)',2,5,4),
  ('Mulund','Thane','Central Line (Main)',2,5,4),
  ('Thane','Mulund','Central Line (Main)',2,5,4),
  ('Thane','Kalwa','Central Line (Main)',2,5,4),
  ('Kalwa','Thane','Central Line (Main)',2,5,4),
  ('Kalwa','Mumbra','Central Line (Main)',2,5,4),
  ('Mumbra','Kalwa','Central Line (Main)',2,5,4),
  ('Mumbra','Diva Junction','Central Line (Main)',2,5,4),
  ('Diva Junction','Mumbra','Central Line (Main)',2,5,4),
  ('Diva Junction','Kopar','Central Line (Main)',2,5,4),
  ('Kopar','Diva Junction','Central Line (Main)',2,5,4),
  ('Kopar','Dombivli','Central Line (Main)',2,5,4),
  ('Dombivli','Kopar','Central Line (Main)',2,5,4),
  ('Dombivli','Thakurli','Central Line (Main)',2,5,4),
  ('Thakurli','Dombivli','Central Line (Main)',2,5,4),
  ('Thakurli','Kalyan Junction','Central Line (Main)',2,5,4),
  ('Kalyan Junction','Thakurli','Central Line (Main)',2,5,4),
  ('Kalyan Junction','Shahad','Central Line (Kasara Branch)',2,5,4),
  ('Shahad','Kalyan Junction','Central Line (Kasara Branch)',2,5,4),
  ('Shahad','Ambivli','Central Line (Kasara Branch)',2,5,4),
  ('Ambivli','Shahad','Central Line (Kasara Branch)',2,5,4),
  ('Ambivli','Titwala','Central Line (Kasara Branch)',2,5,4),
  ('Titwala','Ambivli','Central Line (Kasara Branch)',2,5,4),
  ('Titwala','Khadavli','Central Line (Kasara Branch)',2,5,4),
  ('Khadavli','Titwala','Central Line (Kasara Branch)',2,5,4),
  ('Khadavli','Vasind','Central Line (Kasara Branch)',2,5,4),
  ('Vasind','Khadavli','Central Line (Kasara Branch)',2,5,4),
  ('Vasind','Asangaon','Central Line (Kasara Branch)',2,5,4),
  ('Asangaon','Vasind','Central Line (Kasara Branch)',2,5,4),
  ('Asangaon','Atgaon','Central Line (Kasara Branch)',2,5,4),
  ('Atgaon','Asangaon','Central Line (Kasara Branch)',2,5,4),
  ('Atgaon','Thansit','Central Line (Kasara Branch)',2,5,4),
  ('Thansit','Atgaon','Central Line (Kasara Branch)',2,5,4),
  ('Thansit','Khardi','Central Line (Kasara Branch)',2,5,4),
  ('Khardi','Thansit','Central Line (Kasara Branch)',2,5,4),
  ('Khardi','Umbermali','Central Line (Kasara Branch)',2,5,4),
  ('Umbermali','Khardi','Central Line (Kasara Branch)',2,5,4),
  ('Umbermali','Kasara','Central Line (Kasara Branch)',2,5,4),
  ('Kasara','Umbermali','Central Line (Kasara Branch)',2,5,4),
  ('Kalyan Junction','Vithalwadi','Central Line (Khopoli Branch)',2,5,4),
  ('Vithalwadi','Kalyan Junction','Central Line (Khopoli Branch)',2,5,4),
  ('Vithalwadi','Ulhasnagar','Central Line (Khopoli Branch)',2,5,4),
  ('Ulhasnagar','Vithalwadi','Central Line (Khopoli Branch)',2,5,4),
  ('Ulhasnagar','Ambarnath','Central Line (Khopoli Branch)',2,5,4),
  ('Ambarnath','Ulhasnagar','Central Line (Khopoli Branch)',2,5,4),
  ('Ambarnath','Badlapur','Central Line (Khopoli Branch)',2,5,4),
  ('Badlapur','Ambarnath','Central Line (Khopoli Branch)',2,5,4),
  ('Badlapur','Vangani','Central Line (Khopoli Branch)',2,5,4),
  ('Vangani','Badlapur','Central Line (Khopoli Branch)',2,5,4),
  ('Vangani','Shelu','Central Line (Khopoli Branch)',2,5,4),
  ('Shelu','Vangani','Central Line (Khopoli Branch)',2,5,4),
  ('Shelu','Neral Junction','Central Line (Khopoli Branch)',2,5,4),
  ('Neral Junction','Shelu','Central Line (Khopoli Branch)',2,5,4),
  ('Neral Junction','Bhivpuri Road','Central Line (Khopoli Branch)',2,5,4),
  ('Bhivpuri Road','Neral Junction','Central Line (Khopoli Branch)',2,5,4),
  ('Bhivpuri Road','Karjat','Central Line (Khopoli Branch)',2,5,4),
  ('Karjat','Bhivpuri Road','Central Line (Khopoli Branch)',2,5,4),
  ('Karjat','Palasdari','Central Line (Khopoli Branch)',2,5,4),
  ('Palasdari','Karjat','Central Line (Khopoli Branch)',2,5,4),
  ('Palasdari','Kelavli','Central Line (Khopoli Branch)',2,5,4),
  ('Kelavli','Palasdari','Central Line (Khopoli Branch)',2,5,4),
  ('Kelavli','Dolavli','Central Line (Khopoli Branch)',2,5,4),
  ('Dolavli','Kelavli','Central Line (Khopoli Branch)',2,5,4),
  ('Dolavli','Lowjee','Central Line (Khopoli Branch)',2,5,4),
  ('Lowjee','Dolavli','Central Line (Khopoli Branch)',2,5,4),
  ('Lowjee','Khopoli','Central Line (Khopoli Branch)',2,5,4),
  ('Khopoli','Lowjee','Central Line (Khopoli Branch)',2,5,4),
  ('Chhatrapati Shivaji Maharaj Terminus','Masjid','Harbour Line (Main)',2,5,4),
  ('Masjid','Chhatrapati Shivaji Maharaj Terminus','Harbour Line (Main)',2,5,4),
  ('Masjid','Sandhurst Road','Harbour Line (Main)',2,5,4),
  ('Sandhurst Road','Masjid','Harbour Line (Main)',2,5,4),
  ('Sandhurst Road','Dockyard Road','Harbour Line (Main)',2,5,4),
  ('Dockyard Road','Sandhurst Road','Harbour Line (Main)',2,5,4),
  ('Dockyard Road','Reay Road','Harbour Line (Main)',2,5,4),
  ('Reay Road','Dockyard Road','Harbour Line (Main)',2,5,4),
  ('Reay Road','Cotton Green','Harbour Line (Main)',2,5,4),
  ('Cotton Green','Reay Road','Harbour Line (Main)',2,5,4),
  ('Cotton Green','Sewri','Harbour Line (Main)',2,5,4),
  ('Sewri','Cotton Green','Harbour Line (Main)',2,5,4),
  ('Sewri','Wadala Road','Harbour Line (Main)',2,5,4),
  ('Wadala Road','Sewri','Harbour Line (Main)',2,5,4),
  ('Wadala Road','Guru Tegh Bahadur Nagar','Harbour Line (Panvel Branch)',2,5,4),
  ('Guru Tegh Bahadur Nagar','Wadala Road','Harbour Line (Panvel Branch)',2,5,4),
  ('Guru Tegh Bahadur Nagar','Chunabhatti','Harbour Line (Panvel Branch)',2,5,4),
  ('Chunabhatti','Guru Tegh Bahadur Nagar','Harbour Line (Panvel Branch)',2,5,4),
  ('Chunabhatti','Kurla','Harbour Line (Panvel Branch)',2,5,4),
  ('Kurla','Chunabhatti','Harbour Line (Panvel Branch)',2,5,4),
  ('Kurla','Tilak Nagar','Harbour Line (Panvel Branch)',2,5,4),
  ('Tilak Nagar','Kurla','Harbour Line (Panvel Branch)',2,5,4),
  ('Tilak Nagar','Chembur','Harbour Line (Panvel Branch)',2,5,4),
  ('Chembur','Tilak Nagar','Harbour Line (Panvel Branch)',2,5,4),
  ('Chembur','Govandi','Harbour Line (Panvel Branch)',2,5,4),
  ('Govandi','Chembur','Harbour Line (Panvel Branch)',2,5,4),
  ('Govandi','Mankhurd','Harbour Line (Panvel Branch)',2,5,4),
  ('Mankhurd','Govandi','Harbour Line (Panvel Branch)',2,5,4),
  ('Mankhurd','Vashi','Harbour Line (Panvel Branch)',2,5,4),
  ('Vashi','Mankhurd','Harbour Line (Panvel Branch)',2,5,4),
  ('Vashi','Sanpada','Harbour Line (Panvel Branch)',2,5,4),
  ('Sanpada','Vashi','Harbour Line (Panvel Branch)',2,5,4),
  ('Sanpada','Juinagar','Harbour Line (Panvel Branch)',2,5,4),
  ('Juinagar','Sanpada','Harbour Line (Panvel Branch)',2,5,4),
  ('Juinagar','Nerul','Harbour Line (Panvel Branch)',2,5,4),
  ('Nerul','Juinagar','Harbour Line (Panvel Branch)',2,5,4),
  ('Nerul','Seawoods-Darave-Karave','Harbour Line (Panvel Branch)',2,5,4),
  ('Seawoods-Darave-Karave','Nerul','Harbour Line (Panvel Branch)',2,5,4),
  ('Seawoods-Darave-Karave','CBD Belapur','Harbour Line (Panvel Branch)',2,5,4),
  ('CBD Belapur','Seawoods-Darave-Karave','Harbour Line (Panvel Branch)',2,5,4),
  ('CBD Belapur','Kharghar','Harbour Line (Panvel Branch)',2,5,4),
  ('Kharghar','CBD Belapur','Harbour Line (Panvel Branch)',2,5,4),
  ('Kharghar','Mansarovar','Harbour Line (Panvel Branch)',2,5,4),
  ('Mansarovar','Kharghar','Harbour Line (Panvel Branch)',2,5,4),
  ('Mansarovar','Khandeshwar','Harbour Line (Panvel Branch)',2,5,4),
  ('Khandeshwar','Mansarovar','Harbour Line (Panvel Branch)',2,5,4),
  ('Khandeshwar','Panvel','Harbour Line (Panvel Branch)',2,5,4),
  ('Panvel','Khandeshwar','Harbour Line (Panvel Branch)',2,5,4),
  ('Wadala Road','King''s Circle','Harbour Line (Goregaon Branch)',2,5,4),
  ('King''s Circle','Wadala Road','Harbour Line (Goregaon Branch)',2,5,4),
  ('King''s Circle','Mahim Junction','Harbour Line (Goregaon Branch)',2,5,4),
  ('Mahim Junction','King''s Circle','Harbour Line (Goregaon Branch)',2,5,4),
  ('Mahim Junction','Bandra','Harbour Line (Goregaon Branch)',2,5,4),
  ('Bandra','Mahim Junction','Harbour Line (Goregaon Branch)',2,5,4),
  ('Bandra','Khar Road','Harbour Line (Goregaon Branch)',2,5,4),
  ('Khar Road','Bandra','Harbour Line (Goregaon Branch)',2,5,4),
  ('Khar Road','Santacruz','Harbour Line (Goregaon Branch)',2,5,4),
  ('Santacruz','Khar Road','Harbour Line (Goregaon Branch)',2,5,4),
  ('Santacruz','Vile Parle','Harbour Line (Goregaon Branch)',2,5,4),
  ('Vile Parle','Santacruz','Harbour Line (Goregaon Branch)',2,5,4),
  ('Vile Parle','Andheri','Harbour Line (Goregaon Branch)',2,5,4),
  ('Andheri','Vile Parle','Harbour Line (Goregaon Branch)',2,5,4),
  ('Andheri','Jogeshwari','Harbour Line (Goregaon Branch)',2,5,4),
  ('Jogeshwari','Andheri','Harbour Line (Goregaon Branch)',2,5,4),
  ('Jogeshwari','Ram Mandir','Harbour Line (Goregaon Branch)',2,5,4),
  ('Ram Mandir','Jogeshwari','Harbour Line (Goregaon Branch)',2,5,4),
  ('Ram Mandir','Goregaon','Harbour Line (Goregaon Branch)',2,5,4),
  ('Goregaon','Ram Mandir','Harbour Line (Goregaon Branch)',2,5,4),
  ('Goregaon','Malad','Harbour Line (Goregaon Branch)',2,5,4),
  ('Malad','Goregaon','Harbour Line (Goregaon Branch)',2,5,4),
  ('Malad','Kandivli','Harbour Line (Goregaon Branch)',2,5,4),
  ('Kandivli','Malad','Harbour Line (Goregaon Branch)',2,5,4),
  ('Kandivli','Borivali','Harbour Line (Goregaon Branch)',2,5,4),
  ('Borivali','Kandivli','Harbour Line (Goregaon Branch)',2,5,4),
  ('Thane','Digha Gaon','Trans-Harbour Line',2,5,4),
  ('Digha Gaon','Thane','Trans-Harbour Line',2,5,4),
  ('Digha Gaon','Airoli','Trans-Harbour Line',2,5,4),
  ('Airoli','Digha Gaon','Trans-Harbour Line',2,5,4),
  ('Airoli','Rabale','Trans-Harbour Line',2,5,4),
  ('Rabale','Airoli','Trans-Harbour Line',2,5,4),
  ('Rabale','Ghansoli','Trans-Harbour Line',2,5,4),
  ('Ghansoli','Rabale','Trans-Harbour Line',2,5,4),
  ('Ghansoli','Koparkhairane','Trans-Harbour Line',2,5,4),
  ('Koparkhairane','Ghansoli','Trans-Harbour Line',2,5,4),
  ('Koparkhairane','Turbhe','Trans-Harbour Line',2,5,4),
  ('Turbhe','Koparkhairane','Trans-Harbour Line',2,5,4),
  ('Turbhe','Sanpada','Trans-Harbour Line',2,5,4),
  ('Sanpada','Turbhe','Trans-Harbour Line',2,5,4),
  ('Sanpada','Vashi','Trans-Harbour Line',2,5,4),
  ('Vashi','Sanpada','Trans-Harbour Line',2,5,4),
  ('Vashi','Juinagar','Trans-Harbour Line',2,5,4),
  ('Juinagar','Vashi','Trans-Harbour Line',2,5,4),
  ('Juinagar','Nerul','Trans-Harbour Line',2,5,4),
  ('Nerul','Juinagar','Trans-Harbour Line',2,5,4),
  ('Nerul','Seawoods-Darave-Karave','Trans-Harbour Line',2,5,4),
  ('Seawoods-Darave-Karave','Nerul','Trans-Harbour Line',2,5,4),
  ('Seawoods-Darave-Karave','CBD Belapur','Trans-Harbour Line',2,5,4),
  ('CBD Belapur','Seawoods-Darave-Karave','Trans-Harbour Line',2,5,4),
  ('CBD Belapur','Kharghar','Trans-Harbour Line',2,5,4),
  ('Kharghar','CBD Belapur','Trans-Harbour Line',2,5,4),
  ('Kharghar','Mansarovar','Trans-Harbour Line',2,5,4),
  ('Mansarovar','Kharghar','Trans-Harbour Line',2,5,4),
  ('Mansarovar','Khandeshwar','Trans-Harbour Line',2,5,4),
  ('Khandeshwar','Mansarovar','Trans-Harbour Line',2,5,4),
  ('Khandeshwar','Panvel','Trans-Harbour Line',2,5,4),
  ('Panvel','Khandeshwar','Trans-Harbour Line',2,5,4),
  ('Nerul','Seawoods-Darave-Karave','Port Line (Nerul-Uran)',2,5,4),
  ('Seawoods-Darave-Karave','Nerul','Port Line (Nerul-Uran)',2,5,4),
  ('Seawoods-Darave-Karave','CBD Belapur','Port Line (Nerul-Uran)',2,5,4),
  ('CBD Belapur','Seawoods-Darave-Karave','Port Line (Nerul-Uran)',2,5,4),
  ('CBD Belapur','Targhar','Port Line (Nerul-Uran)',2,5,4),
  ('Targhar','CBD Belapur','Port Line (Nerul-Uran)',2,5,4),
  ('Targhar','Bamandongri','Port Line (Nerul-Uran)',2,5,4),
  ('Bamandongri','Targhar','Port Line (Nerul-Uran)',2,5,4),
  ('Bamandongri','Kharkopar','Port Line (Nerul-Uran)',2,5,4),
  ('Kharkopar','Bamandongri','Port Line (Nerul-Uran)',2,5,4),
  ('Kharkopar','Gavan','Port Line (Nerul-Uran)',2,5,4),
  ('Gavan','Kharkopar','Port Line (Nerul-Uran)',2,5,4),
  ('Gavan','Shematikhar','Port Line (Nerul-Uran)',2,5,4),
  ('Shematikhar','Gavan','Port Line (Nerul-Uran)',2,5,4),
  ('Shematikhar','Nhava Sheva','Port Line (Nerul-Uran)',2,5,4),
  ('Nhava Sheva','Shematikhar','Port Line (Nerul-Uran)',2,5,4),
  ('Nhava Sheva','Dronagiri','Port Line (Nerul-Uran)',2,5,4),
  ('Dronagiri','Nhava Sheva','Port Line (Nerul-Uran)',2,5,4),
  ('Dronagiri','Uran','Port Line (Nerul-Uran)',2,5,4),
  ('Uran','Dronagiri','Port Line (Nerul-Uran)',2,5,4),
  ('Vasai Road','Juchandra','Vasai Road-Roha Line',2,5,4),
  ('Juchandra','Vasai Road','Vasai Road-Roha Line',2,5,4),
  ('Juchandra','Kaman Road','Vasai Road-Roha Line',2,5,4),
  ('Kaman Road','Juchandra','Vasai Road-Roha Line',2,5,4),
  ('Kaman Road','Kharbao','Vasai Road-Roha Line',2,5,4),
  ('Kharbao','Kaman Road','Vasai Road-Roha Line',2,5,4),
  ('Kharbao','Bhiwandi Road','Vasai Road-Roha Line',2,5,4),
  ('Bhiwandi Road','Kharbao','Vasai Road-Roha Line',2,5,4),
  ('Bhiwandi Road','Kopar','Vasai Road-Roha Line',2,5,4),
  ('Kopar','Bhiwandi Road','Vasai Road-Roha Line',2,5,4),
  ('Kopar','Diva Junction','Vasai Road-Roha Line',2,5,4),
  ('Diva Junction','Kopar','Vasai Road-Roha Line',2,5,4),
  ('Diva Junction','Dativali','Vasai Road-Roha Line',2,5,4),
  ('Dativali','Diva Junction','Vasai Road-Roha Line',2,5,4),
  ('Dativali','Nilaje','Vasai Road-Roha Line',2,5,4),
  ('Nilaje','Dativali','Vasai Road-Roha Line',2,5,4),
  ('Nilaje','Taloja Panchnand','Vasai Road-Roha Line',2,5,4),
  ('Taloja Panchnand','Nilaje','Vasai Road-Roha Line',2,5,4),
  ('Taloja Panchnand','Navade Road','Vasai Road-Roha Line',2,5,4),
  ('Navade Road','Taloja Panchnand','Vasai Road-Roha Line',2,5,4),
  ('Navade Road','Kalamboli','Vasai Road-Roha Line',2,5,4),
  ('Kalamboli','Navade Road','Vasai Road-Roha Line',2,5,4),
  ('Kalamboli','Panvel','Vasai Road-Roha Line',2,5,4),
  ('Panvel','Kalamboli','Vasai Road-Roha Line',2,5,4),
  ('Panvel','Somtane','Vasai Road-Roha Line',2,5,4),
  ('Somtane','Panvel','Vasai Road-Roha Line',2,5,4),
  ('Somtane','Rasayani','Vasai Road-Roha Line',2,5,4),
  ('Rasayani','Somtane','Vasai Road-Roha Line',2,5,4),
  ('Rasayani','Apta','Vasai Road-Roha Line',2,5,4),
  ('Apta','Rasayani','Vasai Road-Roha Line',2,5,4),
  ('Apta','Jite','Vasai Road-Roha Line',2,5,4),
  ('Jite','Apta','Vasai Road-Roha Line',2,5,4),
  ('Jite','Hamrapur','Vasai Road-Roha Line',2,5,4),
  ('Hamrapur','Jite','Vasai Road-Roha Line',2,5,4),
  ('Hamrapur','Pen','Vasai Road-Roha Line',2,5,4),
  ('Pen','Hamrapur','Vasai Road-Roha Line',2,5,4),
  ('Pen','Kasu','Vasai Road-Roha Line',2,5,4),
  ('Kasu','Pen','Vasai Road-Roha Line',2,5,4),
  ('Kasu','Nagothane','Vasai Road-Roha Line',2,5,4),
  ('Nagothane','Kasu','Vasai Road-Roha Line',2,5,4),
  ('Nagothane','Nidi','Vasai Road-Roha Line',2,5,4),
  ('Nidi','Nagothane','Vasai Road-Roha Line',2,5,4),
  ('Nidi','Roha','Vasai Road-Roha Line',2,5,4),
  ('Roha','Nidi','Vasai Road-Roha Line',2,5,4),
  ('Versova','D. N. Nagar','Metro Line 1',1.6,15,3),
  ('D. N. Nagar','Versova','Metro Line 1',1.6,15,3),
  ('D. N. Nagar','Azad Nagar','Metro Line 1',1.6,15,3),
  ('Azad Nagar','D. N. Nagar','Metro Line 1',1.6,15,3),
  ('Azad Nagar','Andheri','Metro Line 1',1.6,15,3),
  ('Andheri','Azad Nagar','Metro Line 1',1.6,15,3),
  ('Andheri','Western Express Highway','Metro Line 1',1.6,15,3),
  ('Western Express Highway','Andheri','Metro Line 1',1.6,15,3),
  ('Western Express Highway','Chakala','Metro Line 1',1.6,15,3),
  ('Chakala','Western Express Highway','Metro Line 1',1.6,15,3),
  ('Chakala','Airport Road','Metro Line 1',1.6,15,3),
  ('Airport Road','Chakala','Metro Line 1',1.6,15,3),
  ('Airport Road','Marol Naka','Metro Line 1',1.6,15,3),
  ('Marol Naka','Airport Road','Metro Line 1',1.6,15,3),
  ('Marol Naka','Sakinaka','Metro Line 1',1.6,15,3),
  ('Sakinaka','Marol Naka','Metro Line 1',1.6,15,3),
  ('Sakinaka','Asalpha Road','Metro Line 1',1.6,15,3),
  ('Asalpha Road','Sakinaka','Metro Line 1',1.6,15,3),
  ('Asalpha Road','Jagruti Nagar','Metro Line 1',1.6,15,3),
  ('Jagruti Nagar','Asalpha Road','Metro Line 1',1.6,15,3),
  ('Jagruti Nagar','Ghatkopar','Metro Line 1',1.6,15,3),
  ('Ghatkopar','Jagruti Nagar','Metro Line 1',1.6,15,3),
  ('Dahisar (East)','Anand Nagar','Metro Line 2A',1.6,15,3),
  ('Anand Nagar','Dahisar (East)','Metro Line 2A',1.6,15,3),
  ('Anand Nagar','Kandarpada','Metro Line 2A',1.6,15,3),
  ('Kandarpada','Anand Nagar','Metro Line 2A',1.6,15,3),
  ('Kandarpada','Mandapeshwar I C Colony','Metro Line 2A',1.6,15,3),
  ('Mandapeshwar I C Colony','Kandarpada','Metro Line 2A',1.6,15,3),
  ('Mandapeshwar I C Colony','Eksar','Metro Line 2A',1.6,15,3),
  ('Eksar','Mandapeshwar I C Colony','Metro Line 2A',1.6,15,3),
  ('Eksar','Borivali (West)','Metro Line 2A',1.6,15,3),
  ('Borivali (West)','Eksar','Metro Line 2A',1.6,15,3),
  ('Borivali (West)','Pahadi Eksar','Metro Line 2A',1.6,15,3),
  ('Pahadi Eksar','Borivali (West)','Metro Line 2A',1.6,15,3),
  ('Pahadi Eksar','Kandivali (West)','Metro Line 2A',1.6,15,3),
  ('Kandivali (West)','Pahadi Eksar','Metro Line 2A',1.6,15,3),
  ('Kandivali (West)','Dahanukarwadi','Metro Line 2A',1.6,15,3),
  ('Dahanukarwadi','Kandivali (West)','Metro Line 2A',1.6,15,3),
  ('Dahanukarwadi','Valnai','Metro Line 2A',1.6,15,3),
  ('Valnai','Dahanukarwadi','Metro Line 2A',1.6,15,3),
  ('Valnai','Malad (West)','Metro Line 2A',1.6,15,3),
  ('Malad (West)','Valnai','Metro Line 2A',1.6,15,3),
  ('Malad (West)','Lower Malad','Metro Line 2A',1.6,15,3),
  ('Lower Malad','Malad (West)','Metro Line 2A',1.6,15,3),
  ('Lower Malad','Pahadi Goregaon','Metro Line 2A',1.6,15,3),
  ('Pahadi Goregaon','Lower Malad','Metro Line 2A',1.6,15,3),
  ('Pahadi Goregaon','Goregaon (West)','Metro Line 2A',1.6,15,3),
  ('Goregaon (West)','Pahadi Goregaon','Metro Line 2A',1.6,15,3),
  ('Goregaon (West)','Oshiwara','Metro Line 2A',1.6,15,3),
  ('Oshiwara','Goregaon (West)','Metro Line 2A',1.6,15,3),
  ('Oshiwara','Lower Oshiwara','Metro Line 2A',1.6,15,3),
  ('Lower Oshiwara','Oshiwara','Metro Line 2A',1.6,15,3),
  ('Lower Oshiwara','Andheri (West)','Metro Line 2A',1.6,15,3),
  ('Andheri (West)','Lower Oshiwara','Metro Line 2A',1.6,15,3),
  ('ESIC Nagar','Prem Nagar','Metro Line 2B',1.6,15,3),
  ('Prem Nagar','ESIC Nagar','Metro Line 2B',1.6,15,3),
  ('Prem Nagar','Indira Nagar','Metro Line 2B',1.6,15,3),
  ('Indira Nagar','Prem Nagar','Metro Line 2B',1.6,15,3),
  ('Indira Nagar','Nanavati Hospital','Metro Line 2B',1.6,15,3),
  ('Nanavati Hospital','Indira Nagar','Metro Line 2B',1.6,15,3),
  ('Nanavati Hospital','Khira Nagar','Metro Line 2B',1.6,15,3),
  ('Khira Nagar','Nanavati Hospital','Metro Line 2B',1.6,15,3),
  ('Khira Nagar','Saraswat Nagar','Metro Line 2B',1.6,15,3),
  ('Saraswat Nagar','Khira Nagar','Metro Line 2B',1.6,15,3),
  ('Saraswat Nagar','National College','Metro Line 2B',1.6,15,3),
  ('National College','Saraswat Nagar','Metro Line 2B',1.6,15,3),
  ('National College','Bandra Metro','Metro Line 2B',1.6,15,3),
  ('Bandra Metro','National College','Metro Line 2B',1.6,15,3),
  ('Bandra Metro','Income Tax Office','Metro Line 2B',1.6,15,3),
  ('Income Tax Office','Bandra Metro','Metro Line 2B',1.6,15,3),
  ('Income Tax Office','ILFS','Metro Line 2B',1.6,15,3),
  ('ILFS','Income Tax Office','Metro Line 2B',1.6,15,3),
  ('ILFS','MTNL Metro','Metro Line 2B',1.6,15,3),
  ('MTNL Metro','ILFS','Metro Line 2B',1.6,15,3),
  ('MTNL Metro','SG Barve Marg','Metro Line 2B',1.6,15,3),
  ('SG Barve Marg','MTNL Metro','Metro Line 2B',1.6,15,3),
  ('SG Barve Marg','Kurla (East)','Metro Line 2B',1.6,15,3),
  ('Kurla (East)','SG Barve Marg','Metro Line 2B',1.6,15,3),
  ('Kurla (East)','EEH','Metro Line 2B',1.6,15,3),
  ('EEH','Kurla (East)','Metro Line 2B',1.6,15,3),
  ('EEH','Chembur','Metro Line 2B',1.6,15,3),
  ('Chembur','EEH','Metro Line 2B',1.6,15,3),
  ('Chembur','Diamond Garden','Metro Line 2B',1.6,15,3),
  ('Diamond Garden','Chembur','Metro Line 2B',1.6,15,3),
  ('Diamond Garden','Shivaji Chowk','Metro Line 2B',1.6,15,3),
  ('Shivaji Chowk','Diamond Garden','Metro Line 2B',1.6,15,3),
  ('Shivaji Chowk','BSNL Metro','Metro Line 2B',1.6,15,3),
  ('BSNL Metro','Shivaji Chowk','Metro Line 2B',1.6,15,3),
  ('BSNL Metro','Mankhurd','Metro Line 2B',1.6,15,3),
  ('Mankhurd','BSNL Metro','Metro Line 2B',1.6,15,3),
  ('Mankhurd','Mandale Metro','Metro Line 2B',1.6,15,3),
  ('Mandale Metro','Mankhurd','Metro Line 2B',1.6,15,3),
  ('Bhakti Park Metro','Wadala TT','Metro Line 4',1.6,15,3),
  ('Wadala TT','Bhakti Park Metro','Metro Line 4',1.6,15,3),
  ('Wadala TT','Anik Nagar Bus Depot','Metro Line 4',1.6,15,3),
  ('Anik Nagar Bus Depot','Wadala TT','Metro Line 4',1.6,15,3),
  ('Anik Nagar Bus Depot','Siddharth Colony','Metro Line 4',1.6,15,3),
  ('Siddharth Colony','Anik Nagar Bus Depot','Metro Line 4',1.6,15,3),
  ('Siddharth Colony','Garodia Nagar','Metro Line 4',1.6,15,3),
  ('Garodia Nagar','Siddharth Colony','Metro Line 4',1.6,15,3),
  ('Garodia Nagar','Pant Nagar','Metro Line 4',1.6,15,3),
  ('Pant Nagar','Garodia Nagar','Metro Line 4',1.6,15,3),
  ('Pant Nagar','Laxmi Nagar','Metro Line 4',1.6,15,3),
  ('Laxmi Nagar','Pant Nagar','Metro Line 4',1.6,15,3),
  ('Laxmi Nagar','Shreyes Cinema','Metro Line 4',1.6,15,3),
  ('Shreyes Cinema','Laxmi Nagar','Metro Line 4',1.6,15,3),
  ('Shreyes Cinema','Godrej Company','Metro Line 4',1.6,15,3),
  ('Godrej Company','Shreyes Cinema','Metro Line 4',1.6,15,3),
  ('Godrej Company','Vikhroli Metro','Metro Line 4',1.6,15,3),
  ('Vikhroli Metro','Godrej Company','Metro Line 4',1.6,15,3),
  ('Vikhroli Metro','Surya Nagar','Metro Line 4',1.6,15,3),
  ('Surya Nagar','Vikhroli Metro','Metro Line 4',1.6,15,3),
  ('Surya Nagar','Gandhi Nagar','Metro Line 4',1.6,15,3),
  ('Gandhi Nagar','Surya Nagar','Metro Line 4',1.6,15,3),
  ('Gandhi Nagar','Naval Housing','Metro Line 4',1.6,15,3),
  ('Naval Housing','Gandhi Nagar','Metro Line 4',1.6,15,3),
  ('Naval Housing','Bhandup Mahapalika','Metro Line 4',1.6,15,3),
  ('Bhandup Mahapalika','Naval Housing','Metro Line 4',1.6,15,3),
  ('Bhandup Mahapalika','Bhandup Metro','Metro Line 4',1.6,15,3),
  ('Bhandup Metro','Bhandup Mahapalika','Metro Line 4',1.6,15,3),
  ('Bhandup Metro','Shangrila','Metro Line 4',1.6,15,3),
  ('Shangrila','Bhandup Metro','Metro Line 4',1.6,15,3),
  ('Shangrila','Sonapur','Metro Line 4',1.6,15,3),
  ('Sonapur','Shangrila','Metro Line 4',1.6,15,3),
  ('Sonapur','Mulund Fire Station','Metro Line 4',1.6,15,3),
  ('Mulund Fire Station','Sonapur','Metro Line 4',1.6,15,3),
  ('Mulund Fire Station','Mulund Naka','Metro Line 4',1.6,15,3),
  ('Mulund Naka','Mulund Fire Station','Metro Line 4',1.6,15,3),
  ('Mulund Naka','Thane Teen Haath Naka','Metro Line 4',1.6,15,3),
  ('Thane Teen Haath Naka','Mulund Naka','Metro Line 4',1.6,15,3),
  ('Thane Teen Haath Naka','RTO Thane','Metro Line 4',1.6,15,3),
  ('RTO Thane','Thane Teen Haath Naka','Metro Line 4',1.6,15,3),
  ('RTO Thane','Mahapalika Marg','Metro Line 4',1.6,15,3),
  ('Mahapalika Marg','RTO Thane','Metro Line 4',1.6,15,3),
  ('Mahapalika Marg','Cadbury Junction','Metro Line 4',1.6,15,3),
  ('Cadbury Junction','Mahapalika Marg','Metro Line 4',1.6,15,3),
  ('Cadbury Junction','Majiwada','Metro Line 4',1.6,15,3),
  ('Majiwada','Cadbury Junction','Metro Line 4',1.6,15,3),
  ('Majiwada','Kapurbawdi','Metro Line 4',1.6,15,3),
  ('Kapurbawdi','Majiwada','Metro Line 4',1.6,15,3),
  ('Kapurbawdi','Manpada','Metro Line 4',1.6,15,3),
  ('Manpada','Kapurbawdi','Metro Line 4',1.6,15,3),
  ('Manpada','Tikuji-Ni-Wadi','Metro Line 4',1.6,15,3),
  ('Tikuji-Ni-Wadi','Manpada','Metro Line 4',1.6,15,3),
  ('Tikuji-Ni-Wadi','DongariPada','Metro Line 4',1.6,15,3),
  ('DongariPada','Tikuji-Ni-Wadi','Metro Line 4',1.6,15,3),
  ('DongariPada','Vijay Garden','Metro Line 4',1.6,15,3),
  ('Vijay Garden','DongariPada','Metro Line 4',1.6,15,3),
  ('Vijay Garden','Kasarvadavali','Metro Line 4',1.6,15,3),
  ('Kasarvadavali','Vijay Garden','Metro Line 4',1.6,15,3),
  ('Balkum Naka','Kasheli','Metro Line 5',1.6,15,3),
  ('Kasheli','Balkum Naka','Metro Line 5',1.6,15,3),
  ('Kasheli','Kalher','Metro Line 5',1.6,15,3),
  ('Kalher','Kasheli','Metro Line 5',1.6,15,3),
  ('Kalher','Purna','Metro Line 5',1.6,15,3),
  ('Purna','Kalher','Metro Line 5',1.6,15,3),
  ('Purna','Anjurphata','Metro Line 5',1.6,15,3),
  ('Anjurphata','Purna','Metro Line 5',1.6,15,3),
  ('Anjurphata','Dhamankar Naka','Metro Line 5',1.6,15,3),
  ('Dhamankar Naka','Anjurphata','Metro Line 5',1.6,15,3),
  ('Dhamankar Naka','Bhiwandi','Metro Line 5',1.6,15,3),
  ('Bhiwandi','Dhamankar Naka','Metro Line 5',1.6,15,3),
  ('Bhiwandi','Gopal Nagar','Metro Line 5',1.6,15,3),
  ('Gopal Nagar','Bhiwandi','Metro Line 5',1.6,15,3),
  ('Gopal Nagar','Temghar','Metro Line 5',1.6,15,3),
  ('Temghar','Gopal Nagar','Metro Line 5',1.6,15,3),
  ('Temghar','Rajnouli','Metro Line 5',1.6,15,3),
  ('Rajnouli','Temghar','Metro Line 5',1.6,15,3),
  ('Rajnouli','Gove Gaon','Metro Line 5',1.6,15,3),
  ('Gove Gaon','Rajnouli','Metro Line 5',1.6,15,3),
  ('Gove Gaon','Kon Gaon','Metro Line 5',1.6,15,3),
  ('Kon Gaon','Gove Gaon','Metro Line 5',1.6,15,3),
  ('Kon Gaon','Lal Chowki','Metro Line 5',1.6,15,3),
  ('Lal Chowki','Kon Gaon','Metro Line 5',1.6,15,3),
  ('Lal Chowki','Kalyan Station','Metro Line 5',1.6,15,3),
  ('Kalyan Station','Lal Chowki','Metro Line 5',1.6,15,3),
  ('Kalyan Station','Kalyan APMC','Metro Line 5',1.6,15,3),
  ('Kalyan APMC','Kalyan Station','Metro Line 5',1.6,15,3),
  ('Swami Samarth Nagar','Adarsh Nagar','Metro Line 6',1.6,15,3),
  ('Adarsh Nagar','Swami Samarth Nagar','Metro Line 6',1.6,15,3),
  ('Adarsh Nagar','Jogeshwari (W)','Metro Line 6',1.6,15,3),
  ('Jogeshwari (W)','Adarsh Nagar','Metro Line 6',1.6,15,3),
  ('Jogeshwari (W)','JVLR','Metro Line 6',1.6,15,3),
  ('JVLR','Jogeshwari (W)','Metro Line 6',1.6,15,3),
  ('JVLR','Shyam Nagar','Metro Line 6',1.6,15,3),
  ('Shyam Nagar','JVLR','Metro Line 6',1.6,15,3),
  ('Shyam Nagar','Mahakali Caves','Metro Line 6',1.6,15,3),
  ('Mahakali Caves','Shyam Nagar','Metro Line 6',1.6,15,3),
  ('Mahakali Caves','SEEPZ Village','Metro Line 6',1.6,15,3),
  ('SEEPZ Village','Mahakali Caves','Metro Line 6',1.6,15,3),
  ('SEEPZ Village','Saki Vihar Road','Metro Line 6',1.6,15,3),
  ('Saki Vihar Road','SEEPZ Village','Metro Line 6',1.6,15,3),
  ('Saki Vihar Road','Rambaug','Metro Line 6',1.6,15,3),
  ('Rambaug','Saki Vihar Road','Metro Line 6',1.6,15,3),
  ('Rambaug','Powai Lake','Metro Line 6',1.6,15,3),
  ('Powai Lake','Rambaug','Metro Line 6',1.6,15,3),
  ('Powai Lake','IIT, Powai','Metro Line 6',1.6,15,3),
  ('IIT, Powai','Powai Lake','Metro Line 6',1.6,15,3),
  ('IIT, Powai','Kanjur Marg (W)','Metro Line 6',1.6,15,3),
  ('Kanjur Marg (W)','IIT, Powai','Metro Line 6',1.6,15,3),
  ('Kanjur Marg (W)','Vikhroli (EEH)','Metro Line 6',1.6,15,3),
  ('Vikhroli (EEH)','Kanjur Marg (W)','Metro Line 6',1.6,15,3),
  ('Gundavali','Mogra','Metro Line 7',1.6,15,3),
  ('Mogra','Gundavali','Metro Line 7',1.6,15,3),
  ('Mogra','Jogeshwari (East)','Metro Line 7',1.6,15,3),
  ('Jogeshwari (East)','Mogra','Metro Line 7',1.6,15,3),
  ('Jogeshwari (East)','Goregaon (East)','Metro Line 7',1.6,15,3),
  ('Goregaon (East)','Jogeshwari (East)','Metro Line 7',1.6,15,3),
  ('Goregaon (East)','Aarey','Metro Line 7',1.6,15,3),
  ('Aarey','Goregaon (East)','Metro Line 7',1.6,15,3),
  ('Aarey','Dindoshi','Metro Line 7',1.6,15,3),
  ('Dindoshi','Aarey','Metro Line 7',1.6,15,3),
  ('Dindoshi','Kurar','Metro Line 7',1.6,15,3),
  ('Kurar','Dindoshi','Metro Line 7',1.6,15,3),
  ('Kurar','Akurli','Metro Line 7',1.6,15,3),
  ('Akurli','Kurar','Metro Line 7',1.6,15,3),
  ('Akurli','Poisar','Metro Line 7',1.6,15,3),
  ('Poisar','Akurli','Metro Line 7',1.6,15,3),
  ('Poisar','Magathane','Metro Line 7',1.6,15,3),
  ('Magathane','Poisar','Metro Line 7',1.6,15,3),
  ('Magathane','Devipada','Metro Line 7',1.6,15,3),
  ('Devipada','Magathane','Metro Line 7',1.6,15,3),
  ('Devipada','Rashtriya Udyan','Metro Line 7',1.6,15,3),
  ('Rashtriya Udyan','Devipada','Metro Line 7',1.6,15,3),
  ('Rashtriya Udyan','Ovaripada','Metro Line 7',1.6,15,3),
  ('Ovaripada','Rashtriya Udyan','Metro Line 7',1.6,15,3),
  ('Airport Colony','CSIA','Metro Line 7A',1.6,15,3),
  ('CSIA','Airport Colony','Metro Line 7A',1.6,15,3),
  ('Dahisar','Pandhurang Wadi','Metro Line 9',1.6,15,3),
  ('Pandhurang Wadi','Dahisar','Metro Line 9',1.6,15,3),
  ('Pandhurang Wadi','Miragaon','Metro Line 9',1.6,15,3),
  ('Miragaon','Pandhurang Wadi','Metro Line 9',1.6,15,3),
  ('Miragaon','Kashigaon','Metro Line 9',1.6,15,3),
  ('Kashigaon','Miragaon','Metro Line 9',1.6,15,3),
  ('Kashigaon','Sai Baba Nagar','Metro Line 9',1.6,15,3),
  ('Sai Baba Nagar','Kashigaon','Metro Line 9',1.6,15,3),
  ('Sai Baba Nagar','Meditiya Nagar','Metro Line 9',1.6,15,3),
  ('Meditiya Nagar','Sai Baba Nagar','Metro Line 9',1.6,15,3),
  ('Meditiya Nagar','Shahid Bhagat Singh Garden','Metro Line 9',1.6,15,3),
  ('Shahid Bhagat Singh Garden','Meditiya Nagar','Metro Line 9',1.6,15,3),
  ('Shahid Bhagat Singh Garden','Subhash Chandra Bose Stadium','Metro Line 9',1.6,15,3),
  ('Subhash Chandra Bose Stadium','Shahid Bhagat Singh Garden','Metro Line 9',1.6,15,3);

insert into public.crowd_data (line, train_number, direction, coach_number, occupancy_level, passenger_count, capacity, platform, next_arrival, updated_at) values
  ('Western Line','WEST-001','Southbound',1,'high',170,200,'1',now() + interval '4 minutes',now()),
  ('Western Line','WEST-001','Southbound',2,'moderate',130,200,'2',now() + interval '5 minutes',now()),
  ('Central Line (Main)','CENT-002','Southbound',1,'high',170,200,'1',now() + interval '4 minutes',now()),
  ('Central Line (Main)','CENT-002','Southbound',2,'moderate',130,200,'2',now() + interval '5 minutes',now()),
  ('Central Line (Kasara Branch)','CENT-003','Southbound',1,'high',170,200,'1',now() + interval '4 minutes',now()),
  ('Central Line (Kasara Branch)','CENT-003','Southbound',2,'moderate',130,200,'2',now() + interval '5 minutes',now()),
  ('Central Line (Khopoli Branch)','CENT-004','Southbound',1,'high',170,200,'1',now() + interval '4 minutes',now()),
  ('Central Line (Khopoli Branch)','CENT-004','Southbound',2,'moderate',130,200,'2',now() + interval '5 minutes',now()),
  ('Harbour Line (Main)','HARB-005','Southbound',1,'high',170,200,'1',now() + interval '4 minutes',now()),
  ('Harbour Line (Main)','HARB-005','Southbound',2,'moderate',130,200,'2',now() + interval '5 minutes',now()),
  ('Harbour Line (Panvel Branch)','HARB-006','Southbound',1,'high',170,200,'1',now() + interval '4 minutes',now()),
  ('Harbour Line (Panvel Branch)','HARB-006','Southbound',2,'moderate',130,200,'2',now() + interval '5 minutes',now()),
  ('Harbour Line (Goregaon Branch)','HARB-007','Southbound',1,'high',170,200,'1',now() + interval '4 minutes',now()),
  ('Harbour Line (Goregaon Branch)','HARB-007','Southbound',2,'moderate',130,200,'2',now() + interval '5 minutes',now()),
  ('Trans-Harbour Line','TRAN-008','Southbound',1,'high',170,200,'1',now() + interval '4 minutes',now()),
  ('Trans-Harbour Line','TRAN-008','Southbound',2,'moderate',130,200,'2',now() + interval '5 minutes',now()),
  ('Port Line (Nerul-Uran)','PORT-009','Southbound',1,'high',170,200,'1',now() + interval '4 minutes',now()),
  ('Port Line (Nerul-Uran)','PORT-009','Southbound',2,'moderate',130,200,'2',now() + interval '5 minutes',now()),
  ('Vasai Road-Roha Line','VASA-010','Southbound',1,'high',170,200,'1',now() + interval '4 minutes',now()),
  ('Vasai Road-Roha Line','VASA-010','Southbound',2,'moderate',130,200,'2',now() + interval '5 minutes',now()),
  ('Metro Line 1','METR-011','Outbound',1,'high',136,160,'1',now() + interval '4 minutes',now()),
  ('Metro Line 1','METR-011','Outbound',2,'moderate',104,160,'2',now() + interval '5 minutes',now()),
  ('Metro Line 2A','METR-012','Outbound',1,'high',136,160,'1',now() + interval '4 minutes',now()),
  ('Metro Line 2A','METR-012','Outbound',2,'moderate',104,160,'2',now() + interval '5 minutes',now()),
  ('Metro Line 2B','METR-013','Outbound',1,'high',136,160,'1',now() + interval '4 minutes',now()),
  ('Metro Line 2B','METR-013','Outbound',2,'moderate',104,160,'2',now() + interval '5 minutes',now()),
  ('Metro Line 4','METR-014','Outbound',1,'high',136,160,'1',now() + interval '4 minutes',now()),
  ('Metro Line 4','METR-014','Outbound',2,'moderate',104,160,'2',now() + interval '5 minutes',now()),
  ('Metro Line 5','METR-015','Outbound',1,'high',136,160,'1',now() + interval '4 minutes',now()),
  ('Metro Line 5','METR-015','Outbound',2,'moderate',104,160,'2',now() + interval '5 minutes',now()),
  ('Metro Line 6','METR-016','Outbound',1,'high',136,160,'1',now() + interval '4 minutes',now()),
  ('Metro Line 6','METR-016','Outbound',2,'moderate',104,160,'2',now() + interval '5 minutes',now()),
  ('Metro Line 7','METR-017','Outbound',1,'high',136,160,'1',now() + interval '4 minutes',now()),
  ('Metro Line 7','METR-017','Outbound',2,'moderate',104,160,'2',now() + interval '5 minutes',now()),
  ('Metro Line 7A','METR-018','Outbound',1,'high',136,160,'1',now() + interval '4 minutes',now()),
  ('Metro Line 7A','METR-018','Outbound',2,'moderate',104,160,'2',now() + interval '5 minutes',now()),
  ('Metro Line 9','METR-019','Outbound',1,'high',136,160,'1',now() + interval '4 minutes',now()),
  ('Metro Line 9','METR-019','Outbound',2,'moderate',104,160,'2',now() + interval '5 minutes',now());

commit;

